<keymap version="1" name="haoqi_keymap" parent="$default">
  <action id="ChangeFileEncodingAction">
    <keyboard-shortcut first-keystroke="shift alt e" />
  </action>
  <action id="CloseContent">
    <keyboard-shortcut first-keystroke="ctrl f4" />
    <keyboard-shortcut first-keystroke="alt w" />
  </action>
  <action id="CodeCompletion">
    <keyboard-shortcut first-keystroke="ctrl semicolon" />
  </action>
  <action id="CollapseSelection" />
  <action id="Compare.SameVersion">
    <keyboard-shortcut first-keystroke="ctrl alt d" />
  </action>
  <action id="ContextHelp">
    <keyboard-shortcut first-keystroke="shift ctrl f1" />
  </action>
  <action id="Debugger.AddToWatch">
    <keyboard-shortcut first-keystroke="ctrl s" second-keystroke="ctrl w" />
  </action>
  <action id="DirDiffMenu.SetCopyToLeft">
    <keyboard-shortcut first-keystroke="alt open_bracket" />
  </action>
  <action id="DirDiffMenu.SetCopyToRight">
    <keyboard-shortcut first-keystroke="alt close_bracket" />
  </action>
  <action id="EditorChooseLookupItemDot" />
  <action id="EditorDuplicateLines">
    <keyboard-shortcut first-keystroke="alt d" />
  </action>
  <action id="EditorScrollToCenter" />
  <action id="EditorSelectLine">
    <keyboard-shortcut first-keystroke="ctrl l" />
  </action>
  <action id="FindNext">
    <keyboard-shortcut first-keystroke="f3" />
  </action>
  <action id="Git.CheckoutRevision">
    <keyboard-shortcut first-keystroke="ctrl s" second-keystroke="ctrl r" />
  </action>
  <action id="Git.ResolveConflicts">
    <keyboard-shortcut first-keystroke="ctrl alt r" />
  </action>
  <action id="HideAllWindows">
    <keyboard-shortcut first-keystroke="shift ctrl f12" />
    <keyboard-shortcut first-keystroke="ctrl m" />
  </action>
  <action id="IncomingChanges.Refresh">
    <keyboard-shortcut first-keystroke="shift ctrl alt f" />
  </action>
  <action id="LocalHistory.ShowHistory">
    <keyboard-shortcut first-keystroke="alt h" />
  </action>
  <action id="ReopenClosedTab">
    <keyboard-shortcut first-keystroke="shift ctrl t" />
  </action>
  <action id="SplitVertically">
    <keyboard-shortcut first-keystroke="ctrl alt k" />
  </action>
  <action id="SurroundWithEmmet">
    <keyboard-shortcut first-keystroke="shift ctrl q" />
  </action>
  <action id="SwitchApply">
    <keyboard-shortcut first-keystroke="shift alt enter" />
  </action>
  <action id="SwitchDown">
    <keyboard-shortcut first-keystroke="shift alt down" />
  </action>
  <action id="SwitchLeft">
    <keyboard-shortcut first-keystroke="shift alt left" />
  </action>
  <action id="SwitchRight">
    <keyboard-shortcut first-keystroke="shift alt right" />
  </action>
  <action id="SwitchUp">
    <keyboard-shortcut first-keystroke="shift alt up" />
  </action>
  <action id="Vcs.Log.QuickSettings">
    <keyboard-shortcut first-keystroke="shift ctrl alt p" />
  </action>
  <action id="XDebugger.MuteBreakpoints">
    <keyboard-shortcut first-keystroke="alt m" />
  </action>
  <action id="editRunConfigurations">
    <keyboard-shortcut first-keystroke="shift ctrl alt o" />
  </action>
</keymap>