<application>
  <component name="libraryTable">
    <library name="java7-src">
      <CLASSES />
      <SOURCES>
        <root url="file://C:/Program Files/Java/jdk1.7.0_80" />
      </SOURCES>
      <jarDirectory url="file://C:/Program Files/Java/jdk1.7.0_80" recursive="false" type="SOURCES" />
    </library>
    <library name="jstl-1.2">
      <CLASSES>
        <root url="jar://H:/BaiduYunDownload/jar-useful/jar/jstl-1.2.jar!/" />
      </CLASSES>
      <SOURCES />
    </library>
    <library name="spring-3.2.5.RELEASE-sources">
      <CLASSES />
      <SOURCES>
        <root url="jar://H:/BaiduYunDownload/SSH/day37_代理模式、AOP编程、jdbc支持/资料/spring-framework-3.2.5.RELEASE-dist/spring-framework-3.2.5.RELEASE/libs/spring-aop-3.2.5.RELEASE-sources.jar!/" />
        <root url="jar://H:/BaiduYunDownload/SSH/day37_代理模式、AOP编程、jdbc支持/资料/spring-framework-3.2.5.RELEASE-dist/spring-framework-3.2.5.RELEASE/libs/spring-aspects-3.2.5.RELEASE-sources.jar!/" />
        <root url="jar://H:/BaiduYunDownload/SSH/day37_代理模式、AOP编程、jdbc支持/资料/spring-framework-3.2.5.RELEASE-dist/spring-framework-3.2.5.RELEASE/libs/spring-beans-3.2.5.RELEASE-sources.jar!/" />
        <root url="jar://H:/BaiduYunDownload/SSH/day37_代理模式、AOP编程、jdbc支持/资料/spring-framework-3.2.5.RELEASE-dist/spring-framework-3.2.5.RELEASE/libs/spring-context-3.2.5.RELEASE-sources.jar!/" />
        <root url="jar://H:/BaiduYunDownload/SSH/day37_代理模式、AOP编程、jdbc支持/资料/spring-framework-3.2.5.RELEASE-dist/spring-framework-3.2.5.RELEASE/libs/spring-context-support-3.2.5.RELEASE-sources.jar!/" />
        <root url="jar://H:/BaiduYunDownload/SSH/day37_代理模式、AOP编程、jdbc支持/资料/spring-framework-3.2.5.RELEASE-dist/spring-framework-3.2.5.RELEASE/libs/spring-core-3.2.5.RELEASE-sources.jar!/" />
        <root url="jar://H:/BaiduYunDownload/SSH/day37_代理模式、AOP编程、jdbc支持/资料/spring-framework-3.2.5.RELEASE-dist/spring-framework-3.2.5.RELEASE/libs/spring-expression-3.2.5.RELEASE-sources.jar!/" />
        <root url="jar://H:/BaiduYunDownload/SSH/day37_代理模式、AOP编程、jdbc支持/资料/spring-framework-3.2.5.RELEASE-dist/spring-framework-3.2.5.RELEASE/libs/spring-instrument-3.2.5.RELEASE-sources.jar!/" />
        <root url="jar://H:/BaiduYunDownload/SSH/day37_代理模式、AOP编程、jdbc支持/资料/spring-framework-3.2.5.RELEASE-dist/spring-framework-3.2.5.RELEASE/libs/spring-instrument-tomcat-3.2.5.RELEASE-sources.jar!/" />
        <root url="jar://H:/BaiduYunDownload/SSH/day37_代理模式、AOP编程、jdbc支持/资料/spring-framework-3.2.5.RELEASE-dist/spring-framework-3.2.5.RELEASE/libs/spring-jdbc-3.2.5.RELEASE-sources.jar!/" />
        <root url="jar://H:/BaiduYunDownload/SSH/day37_代理模式、AOP编程、jdbc支持/资料/spring-framework-3.2.5.RELEASE-dist/spring-framework-3.2.5.RELEASE/libs/spring-jms-3.2.5.RELEASE-sources.jar!/" />
        <root url="jar://H:/BaiduYunDownload/SSH/day37_代理模式、AOP编程、jdbc支持/资料/spring-framework-3.2.5.RELEASE-dist/spring-framework-3.2.5.RELEASE/libs/spring-orm-3.2.5.RELEASE-sources.jar!/" />
        <root url="jar://H:/BaiduYunDownload/SSH/day37_代理模式、AOP编程、jdbc支持/资料/spring-framework-3.2.5.RELEASE-dist/spring-framework-3.2.5.RELEASE/libs/spring-oxm-3.2.5.RELEASE-sources.jar!/" />
        <root url="jar://H:/BaiduYunDownload/SSH/day37_代理模式、AOP编程、jdbc支持/资料/spring-framework-3.2.5.RELEASE-dist/spring-framework-3.2.5.RELEASE/libs/spring-test-3.2.5.RELEASE-sources.jar!/" />
        <root url="jar://H:/BaiduYunDownload/SSH/day37_代理模式、AOP编程、jdbc支持/资料/spring-framework-3.2.5.RELEASE-dist/spring-framework-3.2.5.RELEASE/libs/spring-tx-3.2.5.RELEASE-sources.jar!/" />
        <root url="jar://H:/BaiduYunDownload/SSH/day37_代理模式、AOP编程、jdbc支持/资料/spring-framework-3.2.5.RELEASE-dist/spring-framework-3.2.5.RELEASE/libs/spring-web-3.2.5.RELEASE-sources.jar!/" />
        <root url="jar://H:/BaiduYunDownload/SSH/day37_代理模式、AOP编程、jdbc支持/资料/spring-framework-3.2.5.RELEASE-dist/spring-framework-3.2.5.RELEASE/libs/spring-webmvc-3.2.5.RELEASE-sources.jar!/" />
        <root url="jar://H:/BaiduYunDownload/SSH/day37_代理模式、AOP编程、jdbc支持/资料/spring-framework-3.2.5.RELEASE-dist/spring-framework-3.2.5.RELEASE/libs/spring-webmvc-portlet-3.2.5.RELEASE-sources.jar!/" />
      </SOURCES>
    </library>
    <library name="spring3.2">
      <CLASSES>
        <root url="file://H:/BaiduYunDownload/jar-useful/spring3.2" />
      </CLASSES>
      <SOURCES />
      <jarDirectory url="file://H:/BaiduYunDownload/jar-useful/spring3.2" recursive="false" />
    </library>
    <library name="struts-core">
      <CLASSES>
        <root url="file://H:/BaiduYunDownload/jar-useful/struts-core" />
      </CLASSES>
      <SOURCES />
      <jarDirectory url="file://H:/BaiduYunDownload/jar-useful/struts-core" recursive="false" />
    </library>
    <library name="struts-json">
      <CLASSES>
        <root url="file://H:/BaiduYunDownload/jar-useful/struts-json" />
      </CLASSES>
      <SOURCES />
      <jarDirectory url="file://H:/BaiduYunDownload/jar-useful/struts-json" recursive="false" />
    </library>
  </component>
</application>