<application>
  <component name="FileTypeManager" version="17">
    <extensionMap>
      <mapping ext="wxss" type="CSS" />
      <mapping pattern="fe" type="JSON" />
      <mapping pattern="fe2" type="JSON" />
      <mapping pattern="activity" type="JavaScript" />
      <mapping pattern="eesf" type="PLAIN_TEXT" />
      <mapping pattern="random-bonus-customer" type="PLAIN_TEXT" />
      <mapping pattern=".env" type="PLAIN_TEXT" />
      <mapping pattern=".env.development.local" type="PLAIN_TEXT" />
      <mapping pattern="priceInfo" type="PLAIN_TEXT" />
      <mapping pattern="ExtraService" type="PLAIN_TEXT" />
      <mapping pattern="user-comment/index" type="Vue.js" />
      <mapping pattern="process-bar" type="Vue.js" />
      <mapping ext="wux" type="Vue.js" />
      <mapping ext="ux" type="Vue.js" />
      <mapping ext="wxml" type="XML" />
      <mapping ext="conf" type="tsconfig" />
    </extensionMap>
  </component>
</application>