<application>
  <component name="GeneralSettings">
    <option name="autoSaveIfInactive" value="true" />
    <option name="confirmExit" value="false" />
    <option name="inactiveTimeout" value="2" />
    <option name="reopenLastProject" value="false" />
    <option name="showTipsOnStartup" value="false" />
    <option name="useSafeWrite" value="false" />
  </component>
  <component name="Registry">
    <entry key="ide.firstStartup" value="false" />
    <entry key="dumb.aware.run.configurations" value="true" />
    <entry key="debugger.watches.in.variables" value="false" />
    <entry key="ide.tooltip.show.with.actions" value="true" />
  </component>
</application>