<application>
  <component name="ProjectJdkTable">
    <jdk version="2">
      <name value="1.7" />
      <type value="JavaSDK" />
      <version value="java version &quot;1.7.0_80&quot;" />
      <homePath value="C:/Program Files/Java/jdk1.7.0_80" />
      <roots>
        <classPath>
          <root type="composite">
            <root url="jar://C:/Program Files/Java/jdk1.7.0_80/jre/lib/charsets.jar!/" type="simple" />
            <root url="jar://C:/Program Files/Java/jdk1.7.0_80/jre/lib/deploy.jar!/" type="simple" />
            <root url="jar://C:/Program Files/Java/jdk1.7.0_80/jre/lib/ext/access-bridge-64.jar!/" type="simple" />
            <root url="jar://C:/Program Files/Java/jdk1.7.0_80/jre/lib/ext/dnsns.jar!/" type="simple" />
            <root url="jar://C:/Program Files/Java/jdk1.7.0_80/jre/lib/ext/jaccess.jar!/" type="simple" />
            <root url="jar://C:/Program Files/Java/jdk1.7.0_80/jre/lib/ext/localedata.jar!/" type="simple" />
            <root url="jar://C:/Program Files/Java/jdk1.7.0_80/jre/lib/ext/sunec.jar!/" type="simple" />
            <root url="jar://C:/Program Files/Java/jdk1.7.0_80/jre/lib/ext/sunjce_provider.jar!/" type="simple" />
            <root url="jar://C:/Program Files/Java/jdk1.7.0_80/jre/lib/ext/sunmscapi.jar!/" type="simple" />
            <root url="jar://C:/Program Files/Java/jdk1.7.0_80/jre/lib/ext/zipfs.jar!/" type="simple" />
            <root url="jar://C:/Program Files/Java/jdk1.7.0_80/jre/lib/javaws.jar!/" type="simple" />
            <root url="jar://C:/Program Files/Java/jdk1.7.0_80/jre/lib/jce.jar!/" type="simple" />
            <root url="jar://C:/Program Files/Java/jdk1.7.0_80/jre/lib/jfr.jar!/" type="simple" />
            <root url="jar://C:/Program Files/Java/jdk1.7.0_80/jre/lib/jfxrt.jar!/" type="simple" />
            <root url="jar://C:/Program Files/Java/jdk1.7.0_80/jre/lib/jsse.jar!/" type="simple" />
            <root url="jar://C:/Program Files/Java/jdk1.7.0_80/jre/lib/management-agent.jar!/" type="simple" />
            <root url="jar://C:/Program Files/Java/jdk1.7.0_80/jre/lib/plugin.jar!/" type="simple" />
            <root url="jar://C:/Program Files/Java/jdk1.7.0_80/jre/lib/resources.jar!/" type="simple" />
            <root url="jar://C:/Program Files/Java/jdk1.7.0_80/jre/lib/rt.jar!/" type="simple" />
          </root>
        </classPath>
        <sourcePath>
          <root type="composite">
            <root url="jar://C:/Program Files/Java/jdk1.7.0_80/src.zip!/" type="simple" />
          </root>
        </sourcePath>
      </roots>
      <additional />
    </jdk>
    <jdk version="2">
      <name value="1.5" />
      <type value="JavaSDK" />
      <version value="java version &quot;1.5.0_19&quot;" />
      <homePath value="D:/Oracle/jdk1.5" />
      <roots>
        <classPath>
          <root type="composite">
            <root url="jar://D:/Oracle/jdk1.5/jre/lib/charsets.jar!/" type="simple" />
            <root url="jar://D:/Oracle/jdk1.5/jre/lib/deploy.jar!/" type="simple" />
            <root url="jar://D:/Oracle/jdk1.5/jre/lib/ext/dnsns.jar!/" type="simple" />
            <root url="jar://D:/Oracle/jdk1.5/jre/lib/ext/localedata.jar!/" type="simple" />
            <root url="jar://D:/Oracle/jdk1.5/jre/lib/ext/sunjce_provider.jar!/" type="simple" />
            <root url="jar://D:/Oracle/jdk1.5/jre/lib/ext/sunpkcs11.jar!/" type="simple" />
            <root url="jar://D:/Oracle/jdk1.5/jre/lib/javaws.jar!/" type="simple" />
            <root url="jar://D:/Oracle/jdk1.5/jre/lib/jce.jar!/" type="simple" />
            <root url="jar://D:/Oracle/jdk1.5/jre/lib/jsse.jar!/" type="simple" />
            <root url="jar://D:/Oracle/jdk1.5/jre/lib/plugin.jar!/" type="simple" />
            <root url="jar://D:/Oracle/jdk1.5/jre/lib/rt.jar!/" type="simple" />
          </root>
        </classPath>
        <sourcePath>
          <root type="composite">
            <root url="jar://D:/Oracle/jdk1.5/src.zip!/" type="simple" />
          </root>
        </sourcePath>
      </roots>
      <additional />
    </jdk>
  </component>
</application>