<application>
  <component name="AppInspectionProfilesVisibleTreeState">
    <entry key="Default">
      <profile-state>
        <expanded-state>
          <State />
        </expanded-state>
        <selected-state>
          <State>
            <id>Angular</id>
          </State>
        </selected-state>
      </profile-state>
    </entry>
  </component>
  <component name="BuiltInServerOptions" builtInServerPort="60000" builtInServerAvailableExternally="true" />
  <component name="CvsApplicationLevelConfiguration">
    <option name="PATH_TO_PASSWORD_FILE" value="$userdir/.cvspass" />
  </component>
  <component name="DebuggerSettings">
    <option name="TRACING_FILTERS_ENABLED" value="true" />
    <option name="FORCE_CLASSIC_VM" value="true" />
    <option name="SKIP_SYNTHETIC_METHODS" value="true" />
    <option name="SKIP_CLASSLOADERS" value="true" />
    <option name="RUN_HOTSWAP_AFTER_COMPILE" value="RunHotswapAlways" />
    <option name="COMPILE_BEFORE_HOTSWAP" value="true" />
    <filter>
      <option name="PATTERN" value="com.sun.*" />
      <option name="ENABLED" value="true" />
    </filter>
    <filter>
      <option name="PATTERN" value="java.*" />
      <option name="ENABLED" value="true" />
    </filter>
    <filter>
      <option name="PATTERN" value="javax.*" />
      <option name="ENABLED" value="true" />
    </filter>
    <filter>
      <option name="PATTERN" value="org.omg.*" />
      <option name="ENABLED" value="true" />
    </filter>
    <filter>
      <option name="PATTERN" value="sun.*" />
      <option name="ENABLED" value="true" />
    </filter>
    <filter>
      <option name="PATTERN" value="jdk.internal.*" />
      <option name="ENABLED" value="true" />
    </filter>
    <filter>
      <option name="PATTERN" value="junit.*" />
      <option name="ENABLED" value="true" />
    </filter>
    <filter>
      <option name="PATTERN" value="com.intellij.rt.*" />
      <option name="ENABLED" value="true" />
    </filter>
    <filter>
      <option name="PATTERN" value="com.yourkit.runtime.*" />
      <option name="ENABLED" value="true" />
    </filter>
    <filter>
      <option name="PATTERN" value="com.springsource.loaded.*" />
      <option name="ENABLED" value="true" />
    </filter>
    <filter>
      <option name="PATTERN" value="org.springsource.loaded.*" />
      <option name="ENABLED" value="true" />
    </filter>
    <filter>
      <option name="PATTERN" value="javassist.*" />
      <option name="ENABLED" value="true" />
    </filter>
    <filter>
      <option name="PATTERN" value="org.apache.webbeans.*" />
      <option name="ENABLED" value="true" />
    </filter>
    <filter>
      <option name="PATTERN" value="com.ibm.ws.*" />
      <option name="ENABLED" value="true" />
    </filter>
    <filter>
      <option name="PATTERN" value="kotlin.*" />
      <option name="ENABLED" value="true" />
    </filter>
  </component>
  <component name="NodeJsLocalInterpreters">
    <local-interpreter path="E:/fed/nodejs/node.exe">
      <version-cache last-modified="0" />
    </local-interpreter>
    <local-interpreter path="C:/Program Files/nodejs/node.exe">
      <version-cache version="8.10.0" last-modified="1522207456551" />
    </local-interpreter>
  </component>
  <component name="NodeLocalInterpreterManager">
    <node-interpreter path="E:/Program/Nodejs/node.exe" version="(Does not exist)" last-modified="1489153537308" />
  </component>
  <component name="PersistenceGenerationSettings">
    <option name="addToUnit" value="true" />
    <option name="entitySuffix" value="" />
    <option name="generateAnnotations" value="false" />
    <option name="generateColumnProperties" value="true" />
    <option name="generateDefaultRelationships" value="true" />
    <option name="generateSeparateXml" value="true" />
    <option name="ENTITY_SUFFIX" value="" />
    <option name="GENERATE_ANNOTATIONS" value="false" />
    <option name="GENERATE_SEPARATE_XML" value="true" />
    <option name="GENERATE_COLUMN_PROPERTIES" value="true" />
    <option name="ADD_TO_UNIT" value="true" />
    <option name="GENERATE_DEFAULT_RELATIONSHIPS" value="true" />
  </component>
  <component name="RefactoringSettings">
    <option name="MOVE_PREVIEW_USAGES" value="false" />
    <option name="INTRODUCE_FIELD_VISIBILITY" value="private" />
    <option name="INTRODUCE_CONSTANT_VISIBILITY" value="public" />
    <option name="INTRODUCE_LOCAL_CREATE_FINALS" value="false" />
  </component>
  <component name="SvnApplicationSettings">
    <option name="myCheckoutURLs">
      <list>
        <option value="http://163.1.8.114:81/svn/ifp/dfp-utility/frontend/02_Branches" />
        <option value="http://163.1.8.114:81/svn/directbank/01_Trunk/frontend/mobilebank" />
        <option value="http://163.1.8.114:81/svn/ifp/dfp-utility/frontend/01_Trunk/utility" />
        <option value="http://163.1.8.114:81/svn/XPrivate2/02_Branches" />
        <option value="http://163.1.8.114:81/svn/xgene-gram/02_Branches" />
        <option value="http://163.1.8.114:81/svn/directbank/02_Branches/20170322/frontend/mobilebank" />
        <option value="svn://localhost" />
      </list>
    </option>
    <option name="myTypedURLs">
      <list>
        <option value="http://163.1.8.114:81/svn/ifp/dfp-utility/frontend/02_Branches" />
        <option value="http://163.1.8.114:80/svn/directbank/01_Trunk/frontend" />
        <option value="https://163.1.8.114/svn/directbank/02_Branches/bugfix_v1.0.0/frontend/mobilebank" />
        <option value="https://163.1.8.114/svn/directbank/02_Branches/20170322/frontend/mobilebank" />
        <option value="https://163.1.8.114/svn/directbank/02_Branches/frontend_20170322" />
        <option value="https://163.1.8.114/svn/directbank/02_Branches/frontend_20170315" />
        <option value="https://163.1.8.114/svn/directbank/02_Branches/frontend_20170310" />
        <option value="https://163.1.8.114/svn/ifp/dfp-utility/frontend" />
        <option value="https://163.1.8.114/!/%23ifp/view/head/dfp-utility/" />
        <option value="https://163.1.8.114/!/#ifp/view/head/dfp-utility/frontend/02_Branches/20170309_utility_bugfix/utility" />
        <option value="https://163.1.8.114/!/#ifp/view/head/dfp-utility/frontend/02_Branches" />
        <option value="https://163.1.8.114/svn/directbank/01_Trunk/frontend" />
        <option value="https://163.1.8.114/svn/XPrivate2/02_Branches" />
        <option value="https://163.1.8.114/svn/xgene-gram/02_Branches" />
        <option value="svn://localhost" />
        <option value="https://192.168.35.217:4443/itm/itm-dev/0_开发/代码/trunk/0_前台/1_J2EE/ITNM" />
        <option value="http://192.168.35.217:4443/itm/itm-dev/0_开发/代码/trunk/0_前台/" />
        <option value="https://192.168.35.217:4443/itm/itm-dev/" />
        <option value="https://192.168.35.217:4443/itm/itm-dev/0_%E5%BC%80%E5%8F%91/%E4%BB%A3%E7%A0%81/trunk/0_%E5%89%8D%E5%8F%B0/1_J2EE/ITNM" />
        <option value="https://192.168.35.217:4443/itm/itm-dev/0_开发/代码/trunk/0_前台/1_J2EE/ITNM/" />
      </list>
    </option>
    <option name="mySvnCommandLine" value="C:\Program Files\TortoiseSVN\bin\svn.exe" />
  </component>
  <component name="SvnBranchMapperManager">
    <option name="myMapping">
      <map>
        <entry key="https://163.1.8.114/svn/directbank/01_Trunk/frontend/mobilebank">
          <value>
            <set>
              <option value="E:\project\newland\xjbank_trunk\mobilebank" />
            </set>
          </value>
        </entry>
      </map>
    </option>
  </component>
  <component name="ToStringSettings">
    <option name="insertNewMethodInitialOption" value="At the end of class" />
    <option name="insertNewMethodOption" value="At the end of class" />
  </component>
</application>