<application>
  <component name="DependencyUISettings">
    <option name="UI_FLATTEN_PACKAGES" value="false" />
  </component>
  <component name="UISettings">
    <option name="COLOR_BLINDNESS" value="deuteranopia" />
    <option name="HIDE_TABS_IF_NEED" value="false" />
    <option name="MAX_CLIPBOARD_CONTENTS" value="50" />
    <option name="PRESENTATION_MODE_FONT_SIZE" value="20" />
    <option name="SCROLL_TAB_LAYOUT_IN_EDITOR" value="false" />
    <option name="SHOW_EDITOR_TOOLTIP" value="false" />
    <option name="SHOW_MEMORY_INDICATOR" value="true" />
  </component>
</application>