<application>
  <component name="ApplicationTasksOptions">
    <TaskOptions isEnabled="true">
      <option name="arguments" value="--no-color $FileName$" />
      <option name="checkSyntaxErrors" value="true" />
      <option name="description" value="Compiles .less files into .css files" />
      <option name="exitCodeBehavior" value="ERROR" />
      <option name="fileExtension" value="less" />
      <option name="immediateSync" value="true" />
      <option name="name" value="Less" />
      <option name="output" value="$FileNameWithoutExtension$.css" />
      <option name="outputFilters">
        <array>
          <FilterInfo>
            <option name="description" value="lessc error format" />
            <option name="name" value="lessc" />
            <option name="regExp" value="$MESSAGE$$FILE_PATH$?:$LINE$:$COLUMN$" />
          </FilterInfo>
        </array>
      </option>
      <option name="outputFromStdout" value="true" />
      <option name="program" value="$USER_HOME$/AppData/Roaming/npm/lessc.cmd" />
      <option name="runOnExternalChanges" value="true" />
      <option name="scopeName" value="Project Files" />
      <option name="trackOnlyRoot" value="false" />
      <option name="workingDir" value="$FileDir$" />
      <envs />
    </TaskOptions>
    <TaskOptions isEnabled="false">
      <option name="arguments" value="--no-cache --update $FileName$:$FileNameWithoutExtension$.css" />
      <option name="checkSyntaxErrors" value="true" />
      <option name="description" value="Compiles .scss files into .css files" />
      <option name="exitCodeBehavior" value="ERROR" />
      <option name="fileExtension" value="scss" />
      <option name="immediateSync" value="true" />
      <option name="name" value="SCSS" />
      <option name="output" value="$FileNameWithoutExtension$.css" />
      <option name="outputFilters">
        <array />
      </option>
      <option name="outputFromStdout" value="false" />
      <option name="program" value="$ClipboardContent$" />
      <option name="runOnExternalChanges" value="true" />
      <option name="scopeName" value="Project Files" />
      <option name="trackOnlyRoot" value="true" />
      <option name="workingDir" value="$FileDir$" />
      <envs />
    </TaskOptions>
    <TaskOptions isEnabled="true">
      <option name="arguments" value="$FilePathRelativeToProjectRoot$ --out-dir dist --source-maps --presets env" />
      <option name="checkSyntaxErrors" value="true" />
      <option name="description" />
      <option name="exitCodeBehavior" value="ERROR" />
      <option name="fileExtension" value="js" />
      <option name="immediateSync" value="true" />
      <option name="name" value="Babel" />
      <option name="output" value="dist\$FileDirRelativeToProjectRoot$\$FileNameWithoutExtension$.js:dist\$FileDirRelativeToProjectRoot$\$FileNameWithoutExtension$.js.map" />
      <option name="outputFilters">
        <array />
      </option>
      <option name="outputFromStdout" value="false" />
      <option name="program" value="E:/fed/nodejs/node.exe" />
      <option name="runOnExternalChanges" value="true" />
      <option name="scopeName" value="Open Files" />
      <option name="trackOnlyRoot" value="false" />
      <option name="workingDir" value="$ContentRoot$" />
      <envs />
    </TaskOptions>
  </component>
</application>